req_id,type,priority,requirement,source,design_element,test_id,measurement_method,status
FR-AUTH-01,functional,Should,Block any request to a route beginning /admin that lacks a valid administrator session,own decision - security practice,/admin/*,T-001,acceptance criteria AC-001..002,planned
FR-AUTH-02,functional,Should,An administrator can start a session by submitting a passphrase matching ADMIN_PASSWORD,own decision,ADMIN_PASSWORD env var + login form,T-002,acceptance criteria AC-003..004,planned
FR-AUTH-03,functional,Should,Carry the admin session in an HTTP-only signed cookie that expires within seven days,own decision - security practice,session cookie,T-003,acceptance criteria AC-005..007,planned
FR-AUTH-04,functional,Could,After sign-in an administrator lands on the admin route originally requested,own decision - usability and URL security,/admin/login,T-004,acceptance criteria AC-008..010,planned
FR-CONT-01,functional,Must,"An administrator can create an essay with title, Markdown body, publication date and zero or more tags",own decision - scoping memo feature 5,admin essay form,T-005,acceptance criteria AC-011..013,planned
FR-CONT-02,functional,Should,"An administrator can edit every field of any essay, draft or published",own decision - scoping memo feature 5,essay edit route,T-006,acceptance criteria AC-014..015,planned
FR-CONT-03,functional,Must,Reject a save with an empty title or body and name the missing field,own decision - input validation,admin essay form,T-007,acceptance criteria AC-016..017,planned
FR-CONT-04,functional,Should,"Derive a URL slug from the essay title, lowercased with each non-alphanumeric run replaced by a single hyphen",own decision,,T-008,acceptance criteria AC-018..020,planned
FR-CONT-05,functional,Should,Reject an essay whose derived slug duplicates an existing slug,own decision - data model unique constraint,,T-009,acceptance criteria AC-021..022,planned
FR-CONT-06,functional,Could,Keep a published essay's slug unchanged after any later title edit,own decision - permalink stability,,T-010,acceptance criteria AC-023..024,planned
FR-CONT-07,functional,Could,Hold each essay as either draft or published and exclude drafts from all public routes,own decision,,T-011,acceptance criteria AC-025..027,planned
FR-CONT-08,functional,Should,"An administrator can mark one published essay featured, clearing the flag from the previous one",own decision - scoping memo feature 4,featured flag,T-012,acceptance criteria AC-028..029,planned
FR-READ-01,functional,Must,A visitor can reach any published essay at /essays/{slug} without signing in,own decision - scoping memo feature 1,/essays/{slug},T-013,acceptance criteria AC-030..031,planned
FR-READ-02,functional,Must,"Render the Markdown body as HTML with headings, emphasis, lists, blockquotes, links and code blocks",own decision - scoping memo feature 5,,T-014,acceptance criteria AC-032..034,planned
FR-READ-03,functional,Should,Render Markdown footnotes as numbered references linked to a list at the end of the essay,own decision - existing essay corpus,,T-015,acceptance criteria AC-035..036,planned
FR-READ-04,functional,Could,Give every level-2 and level-3 heading a unique id and a copyable anchor link,own decision - citation support,,T-016,acceptance criteria AC-037..039,planned
FR-READ-05,functional,Must,"Show title, publication date and tags above the essay body",own decision - scoping memo feature 1,,T-017,acceptance criteria AC-040..041,planned
FR-HOME-01,functional,Must,"Show the featured essay's title, date and excerpt on the landing page with no interaction",own decision - scoping memo feature 4,landing page,T-018,acceptance criteria AC-042..043,planned
FR-HOME-02,functional,Must,Show the most recently published essay in the featured position when no essay is flagged,own decision - empty-state handling,landing page,T-019,acceptance criteria AC-044..045,planned
FR-HOME-03,functional,Should,"Show a sidebar of every published essay grouped by publication year, newest year first",own decision - scoping memo feature 4 file tree,landing page sidebar,T-020,acceptance criteria AC-046..047,planned
FR-HOME-04,functional,Should,Collapse the sidebar behind a toggle below 768 px viewport width,own decision - mobile readership,landing page sidebar toggle,T-021,acceptance criteria AC-048..050,planned
FR-IDX-01,functional,Must,"List all published essays newest first with title, date and excerpt",own decision - scoping memo feature 2,essay index page,T-022,acceptance criteria AC-051..053,planned
FR-IDX-02,functional,Should,Filter the index to essays carrying a given tag via /essays?tag={tag},own decision - scoping memo feature 2,/essays?tag={tag},T-023,acceptance criteria AC-054..056,planned
FR-IDX-03,functional,Should,"Show every tag currently in use, each linking to its filtered index",own decision - browsing discoverability,essay index page,T-024,acceptance criteria AC-057..058,planned
FR-IDX-04,functional,Should,Show an explanatory message and a link to the full index when a filter or search matches nothing,own decision - empty-state handling,,T-025,acceptance criteria AC-059..060,planned
FR-IDX-05,functional,Could,"A visitor can find essays by a keyword matched against titles, body text and tags",own decision - scoping memo feature 3,landing page search field,T-026,acceptance criteria AC-061..063,planned
FR-CMT-01,functional,Could,A visitor can submit a comment with a display name and body without creating an account,own decision - scoping review,,T-027,acceptance criteria AC-064..065,planned
FR-CMT-02,functional,Could,Reject a comment whose display name exceeds 60 characters or body exceeds 2000 and name the limit,own decision - input validation,,T-028,acceptance criteria AC-066..068,planned
FR-CMT-03,functional,Could,Reject more than three comment submissions from one IP address within any ten-minute window,own decision - abuse mitigation,,T-029,acceptance criteria AC-069..071,planned
FR-CMT-04,functional,Could,Record every accepted comment as pending and exclude pending comments from all public output,own decision - moderation,moderation queue,T-030,acceptance criteria AC-072..074,planned
FR-CMT-05,functional,Could,An administrator can approve or delete each pending comment from an oldest-first queue,own decision - moderation,moderation queue,T-031,acceptance criteria AC-075..077,planned
FR-CMT-06,functional,Could,"Show approved comments beneath the essay body, earliest first, with display name and date",own decision,comment area,T-032,acceptance criteria AC-078..079,planned
FR-CMT-07,functional,Could,Escape HTML in comment text so submitted markup renders as literal characters,own decision - security practice,,T-033,acceptance criteria AC-080..081,planned
FR-SYS-01,functional,Must,Return a 404 status and not-found page for any /essays/{slug} that is not a published essay,own decision - error handling,not-found page,T-034,acceptance criteria AC-082..084,planned
FR-SYS-02,functional,Must,"Refresh the cached landing page, index and affected essay page within sixty seconds of a publish or edit",own decision - static generation consequence,"cached landing page, essay index, essay page",T-035,acceptance criteria AC-085..087,planned
NFR-PERF-01,non-functional,Must,"Essay page LCP of 2.5 s or less, taking the second-slowest of five runs",section 6 performance,,T-101,"Lighthouse Mobile preset on the live URL, cache off, 3000-word essay, 5 runs, take second-slowest LCP",planned
NFR-PERF-02,non-functional,Should,Essay save request completes in 1500 ms or less on all five attempts,section 6 performance,admin essay form,T-102,"DevTools Network Duration on the save POST, same 20000-character body, 5 runs, all must pass",planned
NFR-REL-01,non-functional,Must,"99% or better HTTP 200 on landing page, index and one essay URL, with no outage over 30 minutes",section 6 reliability,,T-103,"checks at least three times daily for the four weeks before Week 14, deploy outages excluded and logged in hours-log.csv",planned
NFR-REL-02,non-functional,Should,Restore a working site with every published essay in 4 hours or less from an empty database,section 6 reliability,docs/runbook-restore.md + seed script,T-104,"timed drill on the development database following the runbook without improvising, Week 13",planned
NFR-SEC-01,non-functional,Must,Zero admin routes serve content or accept a POST without a valid session,section 6 security,docs/routes.md + tests/security/admin-guard.spec.ts,T-105,"Playwright test looping the route list with GET and POST, run in CI on every push",planned
NFR-SEC-02,non-functional,Must,"Zero occurrences of the passphrase, session secret or connection string in git history or the client bundle",section 6 security,gitleaks CI step,T-106,"git log pattern search over full history, Select-String over .next/static, gitleaks in CI",planned
NFR-SEC-03,non-functional,Must,"Zero of twelve attack payloads execute, inject, or raise a dialog when rendered as a comment",section 6 security,,T-107,"submit and approve each payload then assert no dialog, no new script element, literal text; run in CI",planned
NFR-ACC-01,non-functional,Must,"Zero axe-core violations rated serious or critical on the landing page, index and an essay page",section 6 accessibility,,T-108,"Lighthouse Accessibility plus axe DevTools at 1440 px and 390 px, sidebar open and collapsed",planned
NFR-ACC-02,non-functional,Should,All eight keyboard-script steps completable with focus always visible and no keyboard trap,section 6 accessibility,docs/acc-keyboard-script.md,T-109,"manual walkthrough in Chrome and Firefox with the mouse unplugged, focus ring screenshotted at each step",planned
NFR-USE-01,non-functional,Should,Four of five first-time visitors reach an essay within 60 seconds with no help,section 6 usability,,T-110,"five moderated sessions on participants' own devices, one-line task, stopwatch, observer silent",planned
NFR-USE-02,non-functional,Should,All eight catalogued error messages name the problem and the fix,section 6 usability,docs/error-catalogue.md,T-111,"trigger each of the eight conditions, score cause and remedy, rewrite and retrigger failures",planned
NFR-MAINT-01,non-functional,Must,A newcomer reaches a running local app in 30 minutes or less using only the README,section 6 maintainability,README,T-112,"timed clean-machine run with no help given, undocumented steps added and run repeated; Weeks 13 and 15",planned
NFR-PORT-01,non-functional,Must,"Zero failing steps in Chrome, Firefox and Edge on Windows 11 and Safari on iOS, no sideways scroll at 390 px",section 6 portability,docs/browser-test-script.md,T-113,"manual walkthrough of the browser test script in each browser checking usability and correct sizing",planned
